Name,Age
John Doe,25
Jane Smith,30
Michael Johnson,45
Emily Davis,28
David Brown,-33
Sarah Wilson,42
Robert Lee,50
Amy Taylor,
Mark Anderson,35
Jennifer Martinez,29
Chris Thompson,
Jessica Garcia,37
Daniel Hernandez,41
Samantha Lewis,
Matthew Walker,27
Laura Clark,31
Andrew Rodriguez,39
Elizabeth Hall,
Joshua Young,36
Amanda Scott,32
Kevin King,
Melissa Wright,34
Brian Lopez,38
Stephanie Hill,
James Green,40
Nicole Adams,26
Thomas Baker,
Olivia Turner,43
Brandon Carter,44
Rachel Mitchell,
Patrick Phillips,46
Lauren Evans,
Jason Torres,48
Michelle Rivera,
Erica Collins,
Jeffrey Reed,51
Ashley Stewart,
Steven Morris,47
Hannah Bell,
Justin Bailey,49
Kimberly Cox,
Ryan Ward,53
Megan Murphy,
Tyler Richardson,52
Alexis Price,
William Foster,54
Natalie Hayes,
